cluster_size,subject_count,case_count,subject_proportion,case_proportion
1,2378,2378,0.9846790890269151,0.9666666666666667
2,35,70,0.014492753623188406,0.028455284552845527
3,1,3,0.00041407867494824016,0.0012195121951219512
9,1,9,0.00041407867494824016,0.003658536585365854
